City_ID,City,Country,Lat,Lng,Max Temp,Humidity,Cloudiness,Wind Speed,Description
0,Rikitea,PF,-23.1203,-134.9692,78.39,77,92,13.69,overcast clouds
1,Saskylakh,RU,71.9167,114.0833,-26.19,83,77,9.78,broken clouds
2,Avera,US,33.194,-82.5271,30.2,92,1,4.61,haze
3,Mataura,NZ,-46.1927,168.8643,52.0,94,79,14.0,broken clouds
4,Dikson,RU,73.5069,80.5464,2.08,94,100,19.66,light snow
5,Port Alfred,ZA,-33.5906,26.891,70.0,88,8,1.01,clear sky
6,Tuktoyaktuk,CA,69.4541,-133.0374,-3.6,92,66,5.12,broken clouds
7,Port Elizabeth,ZA,-33.918,25.5701,68.0,83,90,8.05,light rain
8,Whitehorse,CA,60.7161,-135.0538,23.0,86,40,16.11,scattered clouds
9,College,US,64.8569,-147.8028,10.4,85,75,4.61,broken clouds
10,Fujishiro,JP,35.9167,140.1167,44.01,47,20,2.3,few clouds
11,Punta Arenas,CL,-53.15,-70.9167,42.8,87,90,5.75,overcast clouds
12,Waipawa,NZ,-41.4122,175.5153,62.6,82,75,19.57,broken clouds
13,Puerto Del Rosario,ES,28.5004,-13.8627,60.8,63,75,11.5,broken clouds
14,Libacao,PH,10.1825,122.9158,79.38,84,100,13.76,moderate rain
15,Nouadhibou,MR,20.931,-17.0347,59.0,72,0,27.63,clear sky
16,Craig,US,40.5153,-107.5464,17.6,73,90,3.44,overcast clouds
17,Havre-Saint-Pierre,CA,50.2334,-63.5986,21.2,73,1,4.61,clear sky
18,Albany,US,42.6001,-73.9662,24.01,60,80,6.17,broken clouds
19,Vardo,NO,70.3705,31.1107,20.93,93,100,21.03,overcast clouds
20,Tsuruga,JP,35.6455,136.0558,39.0,60,96,3.0,overcast clouds
21,Busselton,AU,-33.65,115.3333,72.0,60,0,7.0,clear sky
22,Dahuk,IQ,36.8695,42.994,55.98,35,0,1.48,clear sky
23,Cape Town,ZA,-33.9258,18.4232,73.0,52,20,21.85,few clouds
24,Hobart,AU,-42.8794,147.3294,64.99,68,75,14.97,broken clouds
25,Maneadero,MX,31.7167,-116.5667,55.2,38,0,5.01,clear sky
26,Leningradskiy,RU,69.3833,178.4167,-20.9,84,96,6.06,overcast clouds
27,Ilulissat,GL,69.2167,-51.1,19.4,45,100,2.3,overcast clouds
28,Sooke,CA,48.3746,-123.7276,42.8,84,100,24.16,overcast clouds
29,Provideniya,RU,64.3833,-173.3,-6.66,82,0,5.3,clear sky
30,Makakilo City,US,21.3469,-158.0858,73.4,78,20,4.81,few clouds
31,Westport,US,41.1415,-73.3579,30.0,64,7,13.11,clear sky
32,Kieta,PG,-6.2167,155.6333,82.08,75,99,4.32,overcast clouds
33,Ustye,RU,59.6304,39.736,5.58,94,84,6.46,broken clouds
34,Jalu,LY,29.0331,21.5482,74.57,27,0,10.49,clear sky
35,Tabou,CI,4.423,-7.3528,80.73,81,72,6.26,broken clouds
36,Severo-Kurilsk,RU,50.6789,156.125,20.55,88,97,21.54,overcast clouds
37,Amapa,BR,1.0,-52.0,70.9,97,100,1.5,overcast clouds
38,Cidreira,BR,-30.1811,-50.2056,76.03,83,34,14.16,scattered clouds
39,Jamestown,US,42.097,-79.2353,25.0,93,1,6.91,clear sky
40,Hilo,US,19.7297,-155.09,71.6,78,40,6.91,scattered clouds
41,Kaitangata,NZ,-46.2817,169.8464,55.99,74,81,11.99,broken clouds
42,Staryy Nadym,RU,65.6118,72.6842,-24.27,86,0,10.65,clear sky
43,Alice Springs,AU,-23.7,133.8833,93.2,21,40,12.66,scattered clouds
44,Vaini,TO,-21.2,-175.2,78.8,89,75,3.44,broken clouds
45,Olinda,BR,-8.0089,-34.8553,78.8,69,40,3.44,scattered clouds
46,Tuatapere,NZ,-46.1333,167.6833,52.0,94,55,14.0,broken clouds
47,Yellowknife,CA,62.456,-114.3525,3.2,85,1,8.05,clear sky
48,Khorramabad,IR,33.4878,48.3558,48.2,27,0,2.3,clear sky
49,Hermanus,ZA,-34.4187,19.2345,68.0,67,100,4.0,overcast clouds
50,Thompson,CA,55.7435,-97.8558,3.2,92,1,4.61,clear sky
51,Mahibadhoo,MV,3.7833,72.9667,81.57,72,100,9.89,overcast clouds
52,Arraial Do Cabo,BR,-22.9661,-42.0278,75.2,90,40,11.5,scattered clouds
53,Maragogi,BR,-9.0122,-35.2225,77.27,80,97,7.18,overcast clouds
54,Kapaa,US,22.0752,-159.319,73.4,78,75,8.05,moderate rain
55,Lebu,CL,-37.6167,-73.65,54.91,90,80,11.34,broken clouds
56,Iwaki,JP,37.05,140.8833,34.0,54,47,1.01,scattered clouds
57,Hovd,MN,48.0056,91.6419,-2.74,85,3,2.53,clear sky
58,Belle Fourche,US,44.6714,-103.8522,28.99,100,90,3.69,overcast clouds
59,Tokur,RU,53.1333,132.9,-22.88,88,100,2.59,overcast clouds
60,El Tigre,VE,8.8875,-64.2454,73.36,86,96,11.1,light rain
61,Panguna,PG,-6.3164,155.4848,71.53,99,100,2.28,overcast clouds
62,Barrow,US,71.2906,-156.7887,3.2,85,90,5.75,overcast clouds
63,Atuona,PF,-9.8,-139.0333,77.5,81,67,17.11,light rain
64,Ljungby,SE,56.8332,13.9408,32.0,93,90,12.66,overcast clouds
65,Masvingo,ZW,-20.0637,30.8277,78.93,62,59,7.27,light rain
66,Touros,BR,-5.1989,-35.4608,77.0,83,20,4.61,few clouds
67,Cayenne,GF,4.9333,-52.3333,75.2,100,75,2.3,moderate rain
68,Ouesso,CG,1.6136,16.0517,91.8,42,43,2.33,scattered clouds
69,Arlit,NE,18.7369,7.3853,80.58,15,0,1.99,clear sky
70,Bintulu,MY,3.1667,113.0333,89.6,79,20,8.05,few clouds
71,Puerto Ayora,EC,-0.7393,-90.3518,73.0,93,8,4.0,clear sky
72,Dickinson,US,29.4608,-95.0513,46.99,71,90,8.05,light rain
73,Stornoway,GB,58.2093,-6.3865,37.4,93,75,2.3,light rain
74,Atar,MR,20.5169,-13.0499,58.03,49,0,18.03,clear sky
75,Georgetown,MY,5.4112,100.3354,87.8,58,40,10.36,scattered clouds
76,Anuradhapura,LK,8.3565,80.4173,78.62,88,100,10.0,moderate rain
77,Ushuaia,AR,-54.8,-68.3,44.6,87,75,4.61,broken clouds
78,Caconda,AO,-13.7333,15.0667,72.81,50,92,3.06,overcast clouds
79,Sept-Iles,CA,50.2001,-66.3821,21.2,68,1,10.36,clear sky
80,Butaritari,KI,3.0707,172.7902,81.23,81,95,18.12,light rain
81,Lamar,US,33.6668,-95.5836,30.99,86,1,9.22,clear sky
82,Japura,ID,-0.3167,102.35,77.4,85,100,4.85,light rain
83,Alofi,NU,-19.0595,-169.9187,77.0,88,26,3.44,scattered clouds
84,Malaya Serdoba,RU,52.4661,44.9512,27.36,97,98,16.28,overcast clouds
85,Skibbereen,IE,51.55,-9.2667,35.6,93,20,4.61,few clouds
86,Lazaro Cardenas,MX,17.9583,-102.2,70.84,84,0,5.06,clear sky
87,Nikolskoye,RU,59.7035,30.7861,8.01,85,40,2.24,scattered clouds
88,Bluff,NZ,-46.6,168.3333,52.0,94,84,14.0,broken clouds
89,Carbonia,IT,39.1672,8.5222,53.6,100,20,4.61,few clouds
90,Synya,RU,65.3718,58.0387,-7.78,90,0,1.19,clear sky
91,Ratnagiri,IN,16.9833,73.3,88.52,53,0,3.67,clear sky
92,Nagua,DO,19.3832,-69.8474,71.01,98,100,2.17,overcast clouds
93,Biak,ID,-0.9131,122.8766,83.26,72,24,0.6,few clouds
94,Castro,BR,-24.7911,-50.0119,61.14,97,40,3.53,scattered clouds
95,Lata,PT,40.1629,-8.3327,41.0,75,20,5.75,few clouds
96,Otane,NZ,-39.8833,176.6333,61.0,81,54,8.01,broken clouds
97,Zhigansk,RU,66.7697,123.3711,-30.17,84,100,1.01,overcast clouds
98,Monterey,US,36.2505,-121.2516,42.01,21,30,0.6,scattered clouds
99,Lavrentiya,RU,65.5833,-171.0,-12.8,85,0,8.05,clear sky
100,Qaanaaq,GL,77.484,-69.3632,-1.37,75,0,7.36,clear sky
101,Kodiak,US,57.79,-152.4072,42.8,87,90,25.32,light rain
102,Casino,AU,-28.8667,153.05,75.2,69,0,10.36,clear sky
103,Half Moon Bay,US,37.4636,-122.4286,48.99,87,1,4.18,clear sky
104,Ponta Do Sol,PT,32.6667,-17.1,52.0,77,21,1.99,few clouds
105,Saint George,US,37.1041,-113.5841,34.0,55,1,4.27,clear sky
106,Kijabe,KE,-0.933,36.5758,69.71,53,20,4.09,light rain
107,Sabang,ID,5.8933,95.3214,81.79,79,78,19.51,broken clouds
108,San Rafael,AR,-34.6177,-68.3301,66.81,63,2,6.58,light rain
109,Grindavik,IS,63.8424,-22.4338,19.4,68,0,8.05,clear sky
110,Bandarbeyla,SO,9.4942,50.8122,76.05,62,46,26.91,scattered clouds
111,Caravelas,BR,-17.7125,-39.2481,76.93,83,20,6.15,few clouds
112,Upernavik,GL,72.7868,-56.1549,13.5,83,100,8.34,overcast clouds
113,San-Pedro,CI,4.7485,-6.6363,79.68,85,45,5.12,scattered clouds
114,Black River,JM,18.0264,-77.8487,75.99,94,20,1.14,few clouds
115,Puerto Escondido,MX,15.85,-97.0667,73.22,81,42,4.36,light rain
116,Chokurdakh,RU,70.6333,147.9167,-26.73,86,100,5.53,overcast clouds
117,Laguna,US,38.421,-121.4238,42.01,87,1,5.75,mist
118,Nanortalik,GL,60.1432,-45.2371,32.22,93,100,7.74,light snow
119,Lamu,KE,-2.2717,40.902,89.6,55,1,12.66,clear sky
120,Tres Arroyos,AR,-38.3739,-60.2798,67.24,55,8,16.78,clear sky
121,Tiksi,RU,71.6872,128.8694,-21.24,87,96,7.43,overcast clouds
122,Tommot,RU,58.9564,126.2925,-17.63,85,100,2.39,overcast clouds
123,Belmonte,BR,-15.8631,-38.8828,75.2,88,20,3.44,few clouds
124,Muros,ES,42.7762,-9.0603,46.0,69,48,3.0,scattered clouds
125,Lircay,PE,-12.9896,-74.7205,47.8,72,100,2.46,light rain
126,Tabalosos,PE,-6.35,-76.6833,62.35,97,74,2.71,broken clouds
127,Husavik,IS,66.0449,-17.3389,15.8,67,40,9.22,light snow
128,San Quintin,MX,30.4833,-115.95,54.57,80,0,0.74,clear sky
129,Sayat,TM,38.7839,63.8803,46.4,36,0,11.5,clear sky
130,Mar Del Plata,AR,-38.0023,-57.5575,64.0,88,0,5.75,clear sky
131,Cabo San Lucas,MX,22.8909,-109.9124,64.56,57,0,8.28,clear sky
132,Tasiilaq,GL,65.6145,-37.6368,17.6,53,90,2.3,overcast clouds
133,Zemetchino,RU,53.4973,42.6163,27.59,98,97,8.72,overcast clouds
134,Bredasdorp,ZA,-34.5322,20.0403,66.2,59,95,6.91,overcast clouds
135,Zhoucheng,CN,35.9122,116.3117,29.88,68,69,5.64,broken clouds
136,Bulgan,MN,48.8125,103.5347,-2.56,83,0,4.27,clear sky
137,Sindor,RU,62.8629,51.8905,1.4,92,1,7.47,clear sky
138,Esperance,AU,-33.8667,121.9,71.6,64,75,23.02,broken clouds
139,Katherine,AU,-14.4667,132.2667,86.0,62,40,6.91,light rain
140,Busembatia,UG,0.7697,33.6131,74.75,67,100,3.8,light rain
141,Rumuruti,KE,0.267,36.5389,73.67,37,83,11.7,broken clouds
142,Ust-Omchug,RU,61.15,149.6333,-19.71,83,100,4.43,overcast clouds
143,Grand-Lahou,CI,5.1367,-5.0242,80.74,82,74,8.21,broken clouds
144,Bontang,ID,0.1333,117.5,83.97,74,98,8.9,overcast clouds
145,Seoul,KR,37.5683,126.9778,24.8,42,75,3.44,broken clouds
146,Hithadhoo,MV,-0.6,73.0833,81.64,71,48,10.42,scattered clouds
147,Roma,US,43.2128,-75.4557,17.6,86,1,4.59,clear sky
148,Pacific Grove,US,36.6177,-121.9166,48.0,76,1,5.75,clear sky
149,Taseyevo,RU,57.2169,94.8978,3.24,93,100,3.11,overcast clouds
150,Saint-Philippe,RE,-21.3585,55.7679,86.0,70,0,16.11,clear sky
151,Hirado,JP,33.3597,129.5531,41.0,60,75,10.36,broken clouds
152,Prince Rupert,CA,54.3161,-130.3201,42.8,87,90,16.11,moderate rain
153,Saint-Joseph,RE,-21.3667,55.6167,86.0,70,0,16.11,clear sky
154,Emba,KZ,48.8264,58.1442,26.56,93,100,12.84,overcast clouds
155,Kaeo,NZ,-35.1,173.7833,63.0,94,93,4.12,overcast clouds
156,Mitu,CO,1.1983,-70.1733,68.68,98,95,0.6,overcast clouds
157,New Norfolk,AU,-42.7826,147.0587,64.99,60,99,3.53,overcast clouds
158,Mangai,CD,-4.05,19.5333,85.03,67,40,0.22,moderate rain
159,Faanui,PF,-16.4833,-151.75,81.12,70,100,14.2,overcast clouds
160,Roswell,US,34.0232,-84.3616,28.99,86,1,3.31,clear sky
161,Turukhansk,RU,65.8167,87.9833,-15.36,85,83,6.69,broken clouds
162,Bhimunipatnam,IN,17.8833,83.4333,87.8,30,40,9.22,haze
163,Pisco,PE,-13.7,-76.2167,68.0,83,0,3.44,clear sky
164,Ishigaki,JP,24.3448,124.1572,59.0,67,75,13.8,broken clouds
165,Iqaluit,CA,63.7506,-68.5145,10.4,85,75,3.44,light snow
166,Mezofalva,HU,46.9318,18.7718,30.0,81,100,4.0,overcast clouds
167,Bubaque,GW,11.2833,-15.8333,75.7,55,0,21.41,clear sky
168,Souillac,MU,-20.5167,57.5167,84.2,79,40,13.8,light rain
169,Bengkulu,ID,-3.8004,102.2655,84.99,68,60,8.25,light rain
170,Imamoglu,TR,37.2651,35.6572,68.0,28,0,10.36,clear sky
171,Linxia,CN,35.6003,103.2064,19.27,72,83,4.97,broken clouds
172,Moron,AR,-34.6534,-58.6198,73.0,75,0,3.0,clear sky
173,Gigmoto,PH,13.7796,124.39,75.11,86,100,21.21,overcast clouds
174,Kavaratti,IN,10.5669,72.642,83.01,74,89,10.16,light rain
175,Lake Havasu City,US,34.4839,-114.3224,51.8,30,1,9.22,clear sky
176,Igarka,RU,67.4667,86.5833,-18.85,82,4,8.61,clear sky
177,Eston,CA,51.1501,-108.7514,8.6,85,90,6.91,mist
178,Udachnyy,RU,66.4167,112.4,-29.49,82,100,6.4,overcast clouds
179,Yulara,AU,-25.2406,130.9889,98.6,9,0,10.36,clear sky
180,Bisho,ZA,-32.8472,27.4422,71.6,73,20,9.22,few clouds
181,Guerrero Negro,MX,27.9769,-114.0611,53.65,79,0,1.05,clear sky
182,Nome,US,64.5011,-165.4064,1.4,71,20,9.22,few clouds
183,Cherskiy,RU,68.75,161.3,-27.78,85,99,4.18,overcast clouds
184,San Cristobal,VE,7.7669,-72.225,65.43,88,99,2.46,overcast clouds
185,Terme,TR,41.2092,36.9739,57.2,77,75,3.44,broken clouds
186,Tinskoy,RU,56.1525,96.9161,11.34,95,100,7.65,light snow
187,Cururupu,BR,-1.8283,-44.8683,74.52,94,98,3.09,overcast clouds
188,Les Cayes,HT,18.2,-73.75,73.38,82,100,3.83,overcast clouds
189,Bang Mun Nak,TH,16.0278,100.3792,87.01,38,0,9.69,clear sky
190,Hit,IQ,33.6416,42.8251,59.97,30,0,3.42,clear sky
191,Cruz Alta,BR,-28.6386,-53.6064,66.04,96,10,3.83,clear sky
192,Nijmegen,NL,51.8333,5.85,34.0,94,74,5.77,broken clouds
193,Broome,US,42.2506,-75.833,19.99,86,1,8.05,clear sky
194,Fairbanks,US,64.8378,-147.7164,10.4,85,75,4.61,broken clouds
195,Chipinge,ZW,-20.1883,32.6236,76.8,75,78,2.44,light rain
196,Sungairaya,ID,0.7,108.9,82.13,81,100,4.03,overcast clouds
197,Luoyang,CN,34.6836,112.4536,37.99,99,100,11.41,overcast clouds
198,Ostrovnoy,RU,68.0531,39.5131,6.4,92,38,13.27,scattered clouds
199,Mineiros,BR,-17.5694,-52.5511,69.93,67,99,1.03,overcast clouds
200,Mizdah,LY,31.4451,12.9801,75.09,20,0,25.97,clear sky
201,Adrar,MR,20.5022,-10.0711,56.77,48,6,20.98,clear sky
202,Ambilobe,MG,-13.2,49.05,84.6,73,3,6.13,moderate rain
203,San Nicolas,PH,18.1725,120.5953,84.2,45,20,8.05,few clouds
204,Bethel,US,41.3712,-73.414,26.6,63,1,8.05,clear sky
205,Quatre Cocos,MU,-20.2078,57.7625,84.2,79,40,13.8,light rain
206,Khatanga,RU,71.9667,102.5,-29.04,85,83,9.71,broken clouds
207,Belyy Yar,RU,53.6039,91.3903,17.6,49,100,4.47,overcast clouds
208,Lower Hutt,NZ,-41.2167,174.9167,63.0,82,75,19.57,broken clouds
209,Turan,VN,16.0678,108.2208,68.0,68,75,8.05,light rain
210,Christchurch,NZ,-43.5333,172.6333,62.01,88,12,3.44,few clouds
211,Ostersund,SE,63.1792,14.6357,21.2,93,90,3.44,light snow
212,Tamasane,BW,-22.4184,27.4013,80.6,65,40,5.75,scattered clouds
213,Mabaruma,GY,8.2,-59.7833,72.37,98,100,3.33,light rain
214,Marrakesh,MA,31.6315,-8.0083,44.6,93,75,13.8,light rain
215,Sitka,US,57.0531,-135.33,44.6,65,90,21.85,moderate rain
216,Codrington,AU,-38.2667,141.9667,70.32,65,88,6.71,overcast clouds
217,Riyadh,SA,24.6877,46.7219,62.6,55,0,11.5,mist
218,Adra,ES,36.7496,-3.0206,46.0,81,20,9.22,few clouds
219,Salinopolis,BR,-0.6136,-47.3561,78.94,84,94,9.48,light rain
220,Faya,SA,18.3851,42.4509,62.6,59,40,10.36,light rain
221,Mount Gambier,AU,-37.8333,140.7667,86.0,23,100,11.5,overcast clouds
222,Shadrinsk,RU,56.0852,63.6335,-2.61,91,100,8.61,overcast clouds
223,Aleksandrov Gay,RU,50.147,48.5704,29.35,96,54,16.37,broken clouds
224,Mouila,GA,-1.8685,11.0559,81.57,78,65,2.33,broken clouds
225,Pundaguitan,PH,6.3711,126.1689,83.14,78,9,12.48,clear sky
226,Gouyave,GD,12.1646,-61.7296,78.8,83,20,23.02,few clouds
227,Vaitape,PF,-16.5167,-151.75,81.12,71,99,14.23,light rain
228,Chabahar,IR,25.2919,60.643,67.28,22,0,1.7,clear sky
229,Santiago Del Estero,AR,-27.7951,-64.2615,72.0,91,21,1.99,few clouds
230,Angoche,MZ,-16.2325,39.9086,90.07,56,4,9.46,clear sky
231,Hualmay,PE,-11.0964,-77.6139,69.48,87,93,9.22,overcast clouds
232,San Carlos De Bariloche,AR,-41.1456,-71.3082,50.0,66,40,32.21,light rain
233,Chuy,UY,-33.6971,-53.4616,66.25,94,6,3.31,clear sky
234,Buala,SB,-8.145,159.5921,82.69,77,46,6.15,scattered clouds
235,Hammerfest,NO,70.6634,23.6821,19.4,73,20,18.41,few clouds
236,Broken Hill,AU,-31.95,141.4333,91.4,14,0,14.97,clear sky
237,Kahului,US,20.8947,-156.47,70.0,83,1,3.44,clear sky
238,Sao Joao Da Barra,BR,-21.6403,-41.0511,75.99,90,1,13.2,clear sky
239,Talcahuano,CL,-36.7167,-73.1167,53.6,94,0,3.44,clear sky
240,Santiago,CL,-33.4569,-70.6483,61.0,71,0,4.61,clear sky
241,Ahipara,NZ,-35.1667,173.1667,63.79,82,33,7.31,scattered clouds
242,Sinjai,ID,-5.1241,120.253,84.63,75,92,7.43,light rain
243,Padang,ID,-0.9492,100.3543,86.0,70,40,5.75,light rain
244,Labuhan,ID,-6.8844,112.2051,81.63,85,97,13.76,light rain
245,Ribeira Grande,PT,38.5167,-28.7,59.0,94,75,16.11,moderate rain
246,Avarua,CK,-21.2078,-159.775,78.8,78,75,5.75,light rain
247,Rudnaya Pristan,RU,44.3614,135.8116,3.07,80,40,7.81,scattered clouds
248,Torbay,CA,47.6666,-52.7314,33.01,100,90,9.22,overcast clouds
249,Klaksvik,FO,62.2266,-6.589,30.2,86,75,18.41,light intensity drizzle
250,Lompoc,US,34.6391,-120.4579,51.8,87,1,3.44,clear sky
251,Komsomolskiy,UZ,40.4272,71.7189,37.4,32,0,2.3,clear sky
252,Kruisfontein,ZA,-34.0033,24.7314,66.0,90,100,5.99,light rain
253,The Valley,AI,18.217,-63.0578,77.0,83,20,8.05,few clouds
254,Inhambane,MZ,-23.865,35.3833,87.8,62,75,2.3,broken clouds
255,Mount Isa,AU,-20.7333,139.5,89.6,37,96,10.36,overcast clouds
256,Chokwe,MZ,-24.5333,32.9833,94.17,42,0,1.32,clear sky
257,Wanaka,NZ,-44.7,169.15,54.61,69,33,6.87,scattered clouds
258,Cap Malheureux,MU,-19.9842,57.6142,84.2,79,40,13.8,moderate rain
259,Taoudenni,ML,22.6783,-3.9836,64.47,34,0,16.15,clear sky
260,Camacha,PT,33.0833,-16.3333,55.4,76,40,28.77,light rain
261,Werda,BW,-25.2667,23.2833,86.34,37,54,4.99,broken clouds
262,Thunder Bay,CA,48.4001,-89.3168,14.0,100,1,4.61,clear sky
263,East London,ZA,-33.0153,27.9116,71.6,73,20,9.22,few clouds
264,Ushtobe,KZ,45.2514,77.9838,19.13,88,92,4.61,overcast clouds
265,Saldanha,ZA,-33.0117,17.9442,75.2,46,0,13.8,clear sky
266,Sarankhola,BD,22.3082,89.7897,89.83,27,25,7.05,scattered clouds
267,Venice,US,27.0998,-82.4543,46.0,87,20,6.91,few clouds
268,Byron Bay,AU,-28.65,153.6167,75.99,68,75,12.66,broken clouds
269,Airai,TL,-8.9266,125.4092,67.14,100,100,0.67,moderate rain
270,Harper,LR,4.375,-7.7169,80.76,82,98,7.54,light rain
271,Yumen,CN,40.2833,97.2,19.18,67,0,36.98,clear sky
272,Vila Velha,BR,-20.3297,-40.2925,77.0,88,40,3.44,scattered clouds
273,Calabar,NG,4.9517,8.322,85.5,68,35,2.15,scattered clouds
274,Luderitz,NA,-26.6481,15.1594,77.81,35,19,17.78,few clouds
275,Santa Catarina De Tepehuanes,MX,25.35,-105.7333,39.13,74,0,5.41,clear sky
276,Chatellerault,FR,46.8,0.5333,32.0,80,0,14.97,clear sky
277,Savannakhet,LA,16.566,104.751,75.2,43,20,4.61,few clouds
278,Vestmannaeyjar,IS,63.4427,-20.2734,25.77,92,37,13.38,scattered clouds
279,Ust-Nera,RU,64.5667,143.2,-35.64,72,70,2.8,broken clouds
280,Bereda,ES,43.2686,-7.5406,39.0,87,100,20.0,overcast clouds
281,Shingu,JP,33.7333,135.9833,39.2,52,75,13.8,broken clouds
282,Olafsvik,IS,64.8945,-23.7142,23.77,87,55,6.85,broken clouds
283,Lagoa,PT,39.05,-27.9833,57.88,86,100,20.36,overcast clouds
284,Moree,AU,-29.4667,149.85,84.2,30,16,10.36,few clouds
285,Staraya Mayna,RU,54.6,48.95,23.0,93,90,6.71,snow
286,Hobyo,SO,5.3505,48.5268,80.02,60,15,25.39,few clouds
287,Suez,EG,29.9737,32.5263,68.29,50,0,10.29,clear sky
288,Narsaq,GL,60.9167,-46.05,42.8,36,75,27.63,broken clouds
289,Sao Filipe,CV,14.8961,-24.4956,71.13,70,89,19.06,overcast clouds
290,Port Hardy,CA,50.6996,-127.4199,44.6,87,90,25.32,moderate rain
291,Mugumu,TZ,-1.85,34.7,69.98,79,49,5.3,moderate rain
292,Dunedin,NZ,-45.8742,170.5036,59.0,74,71,4.0,broken clouds
293,Makurdi,NG,7.7411,8.5121,88.21,45,16,3.94,few clouds
294,Sayyan,YE,15.1718,44.3244,60.53,32,0,5.03,clear sky
295,Ancud,CL,-41.8697,-73.8203,50.0,81,20,10.36,few clouds
296,San Juan,AR,-31.5375,-68.5364,76.71,53,0,10.38,clear sky
297,Sembe,CG,1.6481,14.5806,85.01,57,62,3.74,light rain
298,Cartagena Del Chaira,CO,1.3349,-74.8429,69.4,97,79,1.59,broken clouds
299,Ixtapa,MX,20.7,-105.2,64.09,85,8,2.28,clear sky
300,Manggar,ID,-2.8833,108.2667,83.84,75,100,9.17,moderate rain
301,Karasjok,NO,69.4719,25.5112,17.6,73,100,24.16,overcast clouds
302,Sakakah,SA,29.9697,40.2064,55.4,54,75,5.75,broken clouds
303,Shimoda,JP,34.6667,138.95,28.99,64,0,16.84,clear sky
304,Aldan,RU,58.6031,125.3894,-17.79,88,100,6.64,overcast clouds
305,Telford,GB,52.6766,-2.4493,33.8,93,90,8.05,overcast clouds
306,Boende,CD,-0.2167,20.8667,87.57,56,1,3.22,clear sky
307,Aden,YE,12.7794,45.0367,76.68,67,21,19.84,few clouds
308,Carnarvon,AU,-24.8667,113.6333,84.2,74,1,26.46,clear sky
309,Belaya Gora,RU,68.5333,146.4167,-30.53,85,65,2.57,broken clouds
310,Korla,CN,41.7597,86.1469,24.01,77,0,10.07,clear sky
311,Zanjan,IR,36.6736,48.4787,41.0,45,0,4.61,clear sky
312,Dabat,ET,12.9842,37.765,66.07,34,0,8.43,clear sky
313,Tautira,PF,-17.7333,-149.15,78.8,69,20,3.44,moderate rain
314,Cam Ranh,VN,11.9214,109.1591,80.6,61,20,16.11,few clouds
315,Victoria,HK,22.2855,114.1577,57.0,22,100,10.0,overcast clouds
316,Mogadishu,SO,2.0371,45.3438,82.06,59,0,24.47,clear sky
317,Kang,BW,-23.6752,22.7876,87.57,38,58,10.76,broken clouds
318,Saint-Louis,SN,16.3333,-15.0,64.4,55,0,4.61,clear sky
319,Wilkie,CA,52.4168,-108.7014,12.2,92,90,6.91,light snow
320,Muroto,JP,33.2833,134.15,41.0,38,20,8.05,few clouds
321,Kenora,CA,49.8167,-94.4337,17.6,93,90,5.75,fog
322,Masallatah,LY,32.6167,14.0,77.85,23,0,29.73,clear sky
323,Tabory,RU,58.5198,64.5495,-8.66,90,85,3.78,overcast clouds
324,Sola,VU,-13.8833,167.55,84.0,77,88,4.47,overcast clouds
325,Geraldton,AU,-28.7667,114.6,77.0,61,40,25.32,scattered clouds
326,Qinhuangdao,CN,39.9317,119.5883,23.45,68,1,4.05,clear sky
327,Teknaf,BD,20.8624,92.3058,81.21,50,62,12.82,broken clouds
328,Clovis,US,36.8252,-119.7029,44.01,87,1,3.44,mist
329,Frutal,BR,-20.0247,-48.9406,73.38,82,100,2.75,overcast clouds
330,Acarau,BR,-2.8856,-40.12,77.99,82,91,9.08,overcast clouds
331,Segou,ML,13.4317,-6.2157,83.55,14,0,7.45,clear sky
332,Vysotsk,RU,60.6288,28.5705,12.99,84,70,6.76,broken clouds
333,Rocky Mountain House,CA,52.3668,-114.9188,3.2,92,7,2.3,clear sky
334,Bairiki,KI,1.3292,172.9752,80.6,83,75,12.66,broken clouds
335,Lethem,GY,3.3803,-59.7968,73.4,89,23,8.61,few clouds
336,Asfi,MA,32.2994,-9.2372,55.63,63,100,15.23,light rain
337,Gongzhuling,CN,43.5008,124.8198,2.39,91,0,6.89,clear sky
338,Libertador General San Martin,AR,-23.8064,-64.7876,72.0,98,85,2.08,overcast clouds
339,Livingston,GB,55.9029,-3.5226,39.2,93,90,4.61,overcast clouds
340,Garissa,KE,-0.4536,39.6401,85.33,46,79,8.48,broken clouds
341,Constitucion,CL,-35.3333,-72.4167,50.04,78,0,4.65,clear sky
342,Graaff-Reinet,ZA,-32.2522,24.5308,73.0,58,0,5.01,clear sky
343,Russell,US,32.3502,-85.1999,32.0,80,75,4.61,broken clouds
344,Cleethorpes,GB,53.5605,-0.0323,36.0,93,75,6.91,broken clouds
345,Centralia,US,46.7162,-122.9543,39.99,100,100,1.01,moderate rain
346,Coquimbo,CL,-29.9533,-71.3436,53.6,87,0,3.44,clear sky
347,Mopipi,BW,-21.1833,24.8833,87.53,39,4,10.42,clear sky
348,Cairns,AU,-16.9167,145.7667,81.0,83,40,1.14,scattered clouds
349,Xichang,CN,27.8964,102.2634,50.0,34,98,3.6,overcast clouds
350,Mayo,US,38.8876,-76.5119,33.01,67,0,11.59,clear sky
351,Akyab,MM,20.15,92.9,79.59,53,64,9.4,broken clouds
352,Agropoli,IT,40.3469,14.9966,55.99,93,75,5.08,broken clouds
353,Rocha,UY,-34.4833,-54.3333,60.73,93,1,4.21,clear sky
354,Talisayan,PH,6.9872,121.9272,84.2,74,40,5.75,moderate rain
355,Klimovo,RU,52.3805,32.1923,24.62,94,99,7.94,overcast clouds
356,Monrovia,LR,6.3005,-10.7969,75.2,94,20,4.83,light rain
357,Kaniama,CD,-7.5667,24.1833,74.19,89,87,5.57,moderate rain
358,Moose Factory,CA,51.2585,-80.6094,21.2,93,90,2.3,mist
359,Fort Dodge,US,42.4975,-94.168,21.2,100,90,3.44,overcast clouds
360,Pevek,RU,69.7008,170.3133,-24.39,88,100,4.09,overcast clouds
361,Uglegorsk,RU,49.0833,142.0333,-0.08,90,97,6.55,overcast clouds
362,Lorengau,PG,-2.0226,147.2712,82.87,68,100,5.37,overcast clouds
363,Dali,CN,25.7,100.1833,61.59,33,95,10.69,overcast clouds
364,Nelson Bay,AU,-32.7167,152.15,73.99,68,0,8.05,clear sky
365,Port Lincoln,AU,-34.7333,135.8667,81.3,34,72,6.08,broken clouds
366,Sorland,NO,67.667,12.6934,34.43,87,97,27.11,overcast clouds
367,Port Moresby,PG,-9.4431,147.1797,84.2,74,75,5.75,light rain
368,Katsuura,JP,35.1333,140.3,44.01,30,20,4.61,few clouds
369,Athens,GR,37.9795,23.7162,66.99,72,20,8.9,few clouds
370,Mehamn,NO,71.0357,27.8492,13.91,94,17,19.17,few clouds
371,Oranmore,IE,53.2683,-8.92,35.6,93,75,2.3,mist
372,Kurilsk,RU,45.2333,147.8833,21.99,84,16,6.78,few clouds
373,Deputatskiy,RU,69.3,139.9,-24.11,87,100,2.53,overcast clouds
374,Itarema,BR,-2.9248,-39.9167,77.81,82,92,8.52,overcast clouds
375,Neiafu,TO,-18.65,-173.9833,80.71,82,72,15.99,broken clouds
376,Dawson Creek,CA,55.7666,-120.2362,26.6,68,40,6.91,scattered clouds
377,Arraias,BR,-12.9288,-46.9437,67.19,99,89,1.86,moderate rain
378,Chiredzi,ZW,-21.05,31.6667,84.56,61,60,6.17,light rain
379,Hamilton,US,39.1834,-84.5333,25.0,93,1,2.53,mist
380,Longyearbyen,SJ,78.2186,15.6401,28.4,69,75,13.8,light snow
381,Gravelbourg,CA,49.8834,-106.5512,21.2,86,0,9.22,clear sky
382,Le Mans,FR,48.0,0.2,30.2,86,0,4.61,clear sky
383,Starobaltachevo,RU,56.0013,55.9213,17.92,97,100,20.04,snow
384,Katangli,RU,51.7102,143.2326,-10.12,88,98,9.04,overcast clouds
385,Port Said,EG,31.2565,32.2841,69.8,83,0,4.61,clear sky
386,Lasa,IT,46.6166,10.7002,23.0,72,0,8.05,clear sky
387,Goderich,CA,43.7501,-81.7165,32.0,80,65,8.05,broken clouds
388,Qianjiang,CN,30.4151,112.8859,44.11,51,89,5.88,overcast clouds
389,Elmira,US,42.0898,-76.8077,24.01,86,90,5.75,overcast clouds
390,Hendek,TR,40.7994,30.7481,46.4,100,75,4.61,moderate rain
391,Quelimane,MZ,-17.8786,36.8883,91.4,62,40,6.91,scattered clouds
392,Lebanon,US,36.2081,-86.2911,30.2,69,90,5.1,overcast clouds
393,Warmbad,NA,-28.45,18.7333,77.4,19,46,2.59,scattered clouds
394,Wuwei,CN,37.9281,102.6414,18.18,71,100,21.5,overcast clouds
395,Lima,PE,-12.0432,-77.0282,69.8,83,90,13.8,overcast clouds
396,Luwuk,ID,-0.9516,122.7875,84.99,69,36,0.83,scattered clouds
397,Totma,RU,59.9747,42.7642,13.55,96,99,7.45,light snow
398,Kasongo-Lunda,CD,-6.4667,16.8167,84.16,61,16,0.54,few clouds
399,Keti Bandar,PK,24.1447,67.4497,77.34,18,0,15.08,clear sky
400,Sartell,US,45.6216,-94.2069,26.6,80,90,8.05,overcast clouds
401,Kiunga,PG,-6.1219,141.2906,77.09,96,99,0.89,light rain
402,Namibe,AO,-15.1961,12.1522,77.0,65,40,4.83,scattered clouds
403,Atakpame,TG,7.5333,1.1333,86.13,52,0,2.06,clear sky
404,Mahebourg,MU,-20.4081,57.7,84.2,79,40,13.8,light rain
405,Vostok,RU,46.4856,135.8833,-13.13,90,100,3.24,overcast clouds
406,Charlestown,AU,-32.95,151.6667,73.99,80,0,7.54,clear sky
407,Kushima,JP,31.4583,131.2333,42.8,39,75,12.66,broken clouds
408,Taltal,CL,-25.4,-70.4833,62.26,79,53,0.69,broken clouds
409,Loa Janan,ID,-0.583,117.095,88.32,63,97,2.86,overcast clouds
410,Qasigiannguit,GL,68.8193,-51.1922,19.4,45,100,2.3,overcast clouds
411,Kutum,SD,14.2,24.6667,71.91,20,0,18.28,clear sky
412,Tigre,AR,-34.426,-58.5796,70.0,82,0,5.75,clear sky
413,Necochea,AR,-38.5473,-58.7368,64.99,83,0,18.66,clear sky
414,Bukoba,TZ,-1.3317,31.8122,69.8,83,75,2.39,moderate rain
415,Saint-Pierre,RE,-21.3393,55.4781,86.0,70,0,16.11,light rain
416,Teluknaga,ID,-6.0989,106.6381,89.01,94,75,9.22,light rain
417,Haines Junction,CA,60.7522,-137.5108,19.4,93,97,2.19,overcast clouds
418,Nuuk,GL,64.1835,-51.7216,28.4,93,90,5.82,light snow
419,Urumqi,CN,43.801,87.6005,3.2,72,0,4.47,smoke
420,Cottbus,DE,51.7667,14.3333,34.0,95,100,1.99,overcast clouds
421,Korgen,NO,66.0771,13.8153,21.2,86,100,10.36,light snow
422,Sobolevo,RU,54.4299,31.8996,15.21,96,75,5.53,light snow
423,Zyryanka,RU,65.75,150.85,-29.06,85,84,2.73,broken clouds
424,Langres,FR,47.8333,5.3333,28.99,80,0,12.66,clear sky
425,Bumbuna,SL,9.05,-11.7333,77.81,77,32,2.59,scattered clouds
426,Port Blair,IN,11.6667,92.75,82.27,74,100,13.51,overcast clouds
427,Dingle,PH,10.9995,122.6711,73.58,92,100,14.83,overcast clouds
428,Ternate,ID,0.8,127.4,83.19,77,5,9.93,clear sky
429,Mitsamiouli,KM,-11.3847,43.2844,82.42,78,78,18.48,moderate rain
430,Sochi,RU,43.6,39.7303,59.0,47,90,11.18,light rain
431,Puerto Leguizamo,CO,-0.1934,-74.7819,69.48,98,59,1.92,broken clouds
432,Sechura,PE,-5.5569,-80.8222,71.15,77,66,9.26,broken clouds
433,Houma,US,29.5958,-90.7195,36.0,87,1,3.44,clear sky
434,Svirstroy,RU,60.7999,33.7248,1.35,91,0,4.16,clear sky
435,Flinders,AU,-34.5833,150.8552,73.0,73,0,8.01,clear sky
436,Porto Novo,BJ,6.4965,2.6036,82.4,89,40,8.05,scattered clouds
437,Skelleftea,SE,64.7507,20.9528,24.01,93,90,11.5,overcast clouds
438,Pahrump,US,36.2083,-115.9839,33.01,43,0,1.01,clear sky
439,Bambari,CF,5.768,20.6757,95.77,21,1,4.29,clear sky
440,Nara,JP,34.6851,135.8049,41.0,48,40,12.66,scattered clouds
441,Muravlenko,RU,63.7898,74.523,-25.28,86,90,11.86,overcast clouds
442,Inuvik,CA,68.3499,-133.7218,3.2,92,21,5.03,few clouds
443,Pemangkat,ID,1.1667,108.9667,81.32,84,100,9.82,moderate rain
444,Tamale,GH,9.4008,-0.8393,86.97,36,5,3.76,clear sky
445,Sechenovo,RU,55.2244,45.8906,18.34,97,100,10.0,light snow
446,Atbasar,KZ,51.8,68.3333,13.77,94,100,10.42,overcast clouds
447,Cosala,MX,24.4125,-106.6908,57.0,99,0,1.01,clear sky
448,Jawa,JO,31.8525,35.9393,59.0,38,0,1.14,dust
449,Ucluelet,CA,48.9329,-125.5528,43.0,91,100,5.01,overcast clouds
450,Rock Sound,BS,24.9,-76.2,68.05,62,5,11.52,clear sky
451,Adre,TD,13.4667,22.2,77.11,17,0,21.25,clear sky
452,Sharan,RU,54.8167,54.0,26.1,98,100,14.81,light snow
453,Madimba,TZ,-10.4,40.3333,77.0,88,75,11.5,light rain
454,Kabanjahe,ID,3.1001,98.4908,84.2,79,75,11.5,light rain
455,Phangnga,TH,8.4509,98.5298,86.0,62,20,8.05,few clouds
456,Baruun-Urt,MN,46.6806,113.2792,-5.82,87,19,11.52,few clouds
457,Cochrane,CA,51.1834,-114.4687,18.0,72,1,4.61,clear sky
458,Mananjary,MG,-21.2167,48.3333,83.93,65,50,8.16,scattered clouds
459,Englewood,US,39.6478,-104.9878,28.99,93,90,5.75,mist
460,Salalah,OM,17.0151,54.0924,78.8,15,0,16.11,clear sky
461,Tefe,BR,-3.3542,-64.7114,69.3,98,72,1.01,broken clouds
462,Nichinan,JP,31.6,131.3667,42.8,39,75,12.66,broken clouds
463,Umm Kaddadah,SD,13.6017,26.6876,78.06,17,0,22.44,clear sky
464,San Patricio,US,28.017,-97.5169,53.6,100,90,17.27,mist
465,Chunoyar,RU,57.4467,97.3217,1.94,91,100,5.35,overcast clouds
466,Santa Rita,BR,-7.1139,-34.9781,73.4,100,40,4.61,scattered clouds
467,Prabumulih,ID,-3.45,104.25,83.97,70,71,6.89,broken clouds
468,Nemuro,JP,43.3236,145.575,10.4,61,20,3.44,few clouds
469,Hoquiam,US,46.9809,-123.8893,42.8,87,90,9.22,overcast clouds
470,Letka,RU,59.6011,49.4232,9.55,94,100,11.5,light snow
471,Puliyankudi,IN,9.1667,77.4167,80.51,73,100,5.97,overcast clouds
472,Venado Tuerto,AR,-33.7456,-61.9688,64.99,87,0,4.0,clear sky
473,Tibiri,NE,13.5627,7.0485,73.4,25,0,11.5,clear sky
474,Kashi,CN,39.4547,75.9797,23.0,54,20,2.24,few clouds
475,Motygino,RU,58.1831,94.7592,-3.12,91,100,3.62,overcast clouds
476,Mana,GF,5.6592,-53.7767,76.8,88,69,10.94,broken clouds
477,Aneho,TG,6.2333,1.6,82.4,83,20,10.36,few clouds
478,Pangkalanbuun,ID,-2.6833,111.6167,81.05,88,100,5.03,overcast clouds
479,Hami,CN,42.8,93.45,20.73,74,0,5.88,clear sky
480,Kamloops,CA,50.6665,-120.3192,35.6,75,90,5.75,overcast clouds
481,Innisfail,AU,-17.5333,146.0333,77.92,92,100,4.03,overcast clouds
482,Marawi,PH,7.9986,124.2928,81.0,88,100,13.0,heavy intensity rain
483,Namatanai,PG,-3.6667,152.4333,82.08,76,100,5.59,overcast clouds
484,Gidam,IN,18.9833,81.4,91.96,21,100,0.98,overcast clouds
485,Kankon,IN,15.0167,74.0167,89.6,55,40,8.05,scattered clouds
486,Marzuq,YE,14.4,46.4667,67.39,25,0,8.05,clear sky
487,Santa Lucia,ES,27.9117,-15.5407,59.0,72,40,10.36,scattered clouds
488,Gopalganj,IN,26.4667,84.4333,83.17,35,100,13.67,overcast clouds
489,Morros,BR,-9.4467,-46.3003,72.34,82,80,2.04,broken clouds
490,Khani,GE,41.9563,42.9566,64.4,25,0,8.05,clear sky
491,Praia,CV,14.9215,-23.5087,71.6,64,75,21.85,broken clouds
492,Sungaipenuh,ID,-2.0833,101.3833,72.64,77,100,1.32,overcast clouds
493,Isangel,VU,-19.55,169.2667,80.29,82,100,3.42,overcast clouds
494,Manyana,BW,-23.4,21.7167,81.07,49,92,1.63,overcast clouds
495,Ginda,IN,30.6945,78.4932,63.27,25,0,5.21,clear sky
496,Abhar,IR,36.1468,49.218,39.76,64,1,3.49,clear sky
497,Raduzhnyy,RU,62.0961,77.475,-12.23,89,99,5.91,overcast clouds
498,Simplicio Mendes,BR,-7.8539,-41.9103,71.11,88,100,3.65,overcast clouds
499,Asmar,AF,35.0333,71.3581,58.19,25,0,7.9,clear sky
500,Champerico,GT,14.3,-91.9167,63.0,94,66,4.14,broken clouds
501,San Felipe,VE,10.3399,-68.7425,70.3,93,99,2.39,overcast clouds
502,Kavieng,PG,-2.5744,150.7967,83.55,74,70,6.62,light rain
503,Beni Mazar,EG,28.4962,30.8029,70.86,39,0,18.1,clear sky
504,Beira,MZ,-19.8436,34.8389,86.0,79,40,11.5,light rain
505,Ondjiva,AO,-17.0667,15.7333,75.2,73,40,3.44,scattered clouds
506,Bulaevo,KZ,54.9056,70.4439,4.5,94,100,3.6,overcast clouds
507,Salair,RU,54.2312,85.7972,11.55,94,100,19.71,snow
508,Larsnes,NO,62.2028,5.5773,34.0,85,99,14.0,light snow
509,Zabol,AF,32.25,67.25,43.5,37,0,5.1,clear sky
510,Trairi,BR,-3.2778,-39.2689,78.64,77,100,8.23,overcast clouds
511,Kamennomostskiy,RU,44.2983,40.1856,35.98,89,100,3.42,overcast clouds
512,Springville,US,40.1652,-111.6107,28.4,74,90,1.97,overcast clouds
513,Siva,EG,29.2041,25.5195,73.4,32,0,1.16,clear sky
514,Machico,PT,32.7,-16.7667,57.2,67,40,12.66,light rain
515,Lipari,IT,38.4674,14.954,71.01,45,100,13.96,overcast clouds
516,Wattegama,LK,6.7989,81.4808,80.6,94,90,2.3,moderate rain
517,Chernyakhiv,UA,50.4565,28.6702,30.58,97,87,10.92,overcast clouds
518,Grand Gaube,MU,-20.0064,57.6608,86.0,69,41,8.99,light rain
519,Boyolangu,ID,-8.1181,111.8935,80.92,81,100,8.21,light rain
520,Mastic Beach,US,40.7668,-72.8521,33.8,51,90,8.05,overcast clouds
521,Marks,RU,51.7111,46.7486,33.01,75,99,11.99,overcast clouds
522,Odweyne,SO,9.4092,45.064,75.54,32,0,14.97,clear sky
523,Aklavik,CA,68.2191,-135.0107,3.2,92,38,2.28,scattered clouds
524,Hope,US,33.6671,-93.5916,30.99,71,100,3.98,overcast clouds
525,Kiama,AU,-34.6833,150.8667,73.99,73,1,8.01,clear sky
526,Huntsville,US,34.7304,-86.5861,32.0,74,90,9.22,overcast clouds
527,Ulladulla,AU,-35.35,150.4667,77.0,57,50,9.22,scattered clouds
528,Asau,RO,46.4333,26.4,32.0,93,75,2.3,broken clouds
529,Sao Miguel Do Araguaia,BR,-13.275,-50.1628,70.61,93,85,2.19,overcast clouds
530,Mirnyy,RU,62.5353,113.9611,-30.5,84,11,2.68,few clouds
531,Los Banos,PH,14.1667,121.1833,82.4,54,75,14.97,broken clouds
532,Ulaangom,MN,49.9811,92.0667,-23.15,84,91,1.43,overcast clouds
533,Oranjemund,NA,-28.55,16.4333,68.77,63,1,17.43,clear sky
534,Pangnirtung,CA,66.1451,-65.7125,4.77,80,100,0.56,overcast clouds
535,Le Port,RE,-20.9373,55.2919,84.2,74,90,11.5,light rain
536,Pyaozerskiy,RU,65.8333,31.1667,-5.48,92,63,4.85,broken clouds
537,Sena Madureira,BR,-9.0656,-68.6569,71.42,93,100,1.77,overcast clouds
538,Martil,MA,35.6166,-5.2752,46.4,81,75,6.91,broken clouds
539,Dzhida,RU,50.6772,106.1806,-4.58,86,0,5.23,clear sky
540,Clyde River,CA,70.4692,-68.5914,5.0,85,90,12.66,light snow
541,Tamandare,BR,-8.7597,-35.1047,77.63,79,100,7.99,overcast clouds
542,Ercis,TR,39.0287,43.3586,37.4,56,0,4.61,clear sky
543,Poum,NC,-20.2333,164.0167,83.7,81,100,6.51,overcast clouds
544,Tilichiki,RU,60.4667,166.1,-14.46,90,97,14.05,overcast clouds
545,Yining,CN,29.0361,114.5636,42.31,58,89,4.65,light rain
546,Nakamura,JP,32.9833,132.9333,32.86,92,48,6.02,scattered clouds
547,Sao Francisco,BR,-15.9486,-44.8644,70.66,95,100,1.95,moderate rain
548,Egvekinot,RU,66.3167,-179.1667,-20.9,85,4,11.21,clear sky
549,Dukat,RU,62.55,155.55,-24.41,84,92,4.65,overcast clouds
550,Tagusao,PH,9.1924,117.8141,82.13,79,99,11.81,moderate rain
551,Moengo,SR,5.6167,-54.4,72.81,97,83,2.71,broken clouds
552,Sao Felix Do Xingu,BR,-6.6447,-51.995,69.93,96,86,1.19,light rain
553,Lerwick,GB,60.1545,-1.1494,37.4,87,40,14.97,light snow
554,Bonthe,SL,7.5264,-12.505,80.6,81,24,5.28,light rain
555,Raton,US,36.9034,-104.4391,21.99,79,75,9.22,broken clouds
556,Vao,NC,-22.6667,167.4833,79.12,85,100,13.29,overcast clouds
557,Batesville,US,35.7698,-91.641,33.8,64,90,3.44,overcast clouds
558,Wajir,KE,1.7471,40.0573,89.11,30,25,12.77,scattered clouds
559,Miraflores,MX,19.2167,-98.8083,53.6,66,1,4.61,clear sky
560,Hasaki,JP,35.7333,140.8333,39.2,47,20,2.3,few clouds
561,Talnakh,RU,69.4865,88.3972,-21.17,74,31,3.38,scattered clouds
562,North Bend,US,43.4065,-124.2243,50.0,87,90,18.41,overcast clouds
563,Qaqortoq,GL,60.7167,-46.0333,42.8,36,75,27.63,light snow
564,Manta,EC,-0.95,-80.7333,75.2,88,40,2.3,scattered clouds
565,Khilok,RU,51.3674,110.4676,-0.04,88,48,6.33,scattered clouds
566,Myitkyina,MM,25.3833,97.4,83.21,37,39,3.06,scattered clouds
567,Rio Gallegos,AR,-51.6226,-69.2181,39.2,87,20,8.05,few clouds
568,Serrinha,BR,-11.6642,-39.0075,71.11,90,100,4.59,overcast clouds
569,Verkhnyaya Inta,RU,65.9811,60.3094,-2.18,86,0,4.18,clear sky
570,Santa Rosa,PH,14.3122,121.1114,82.4,54,75,14.97,broken clouds
571,Sigli,ID,5.3848,95.9609,80.71,80,72,9.8,light rain
572,Ritchie,ZA,-29.038,24.6028,78.8,53,0,4.61,clear sky
573,Vanimo,PG,-2.6741,141.3028,80.76,76,100,1.79,overcast clouds
574,Castelo Branco,PT,39.8222,-7.4909,34.0,79,1,6.76,clear sky
575,Moranbah,AU,-22.0016,148.0466,71.02,89,94,19.17,light rain
576,Palmer,US,42.1584,-72.3287,28.0,63,1,11.5,clear sky
577,Plettenberg Bay,ZA,-34.0527,23.3716,64.53,83,100,8.7,light rain
578,Suruc,TR,36.9761,38.425,53.6,37,0,4.61,clear sky
579,Vilhena,BR,-12.7406,-60.1458,69.24,97,100,2.04,light rain
580,Maceio,BR,-9.6658,-35.7353,73.4,94,20,4.61,few clouds
581,Aswan,EG,24.0934,32.907,76.46,24,0,12.41,clear sky
582,Makushino,RU,55.2103,67.2442,-0.04,93,100,4.88,overcast clouds
583,Malpe,IN,13.35,74.7167,91.4,46,20,11.5,few clouds
584,Finnsnes,NO,69.2296,17.9811,21.2,63,0,8.05,clear sky
585,Norman Wells,CA,65.282,-126.8329,-4.0,84,20,8.05,few clouds
586,Mackay,AU,-21.15,149.2,77.0,94,90,20.71,light rain
587,Aanekoski,FI,62.6946,25.818,10.99,92,90,4.61,light snow
588,Calabozo,VE,8.9242,-67.4293,74.12,84,92,6.73,overcast clouds
589,Rio Cuarto,AR,-33.1307,-64.3499,66.0,93,0,8.01,clear sky
590,Colares,PT,38.7992,-9.4469,43.0,70,20,8.05,few clouds
591,Ola,RU,59.5833,151.2833,2.82,84,100,9.28,overcast clouds
592,Tanete,ID,-3.9443,119.7848,82.71,78,99,5.97,moderate rain
593,Honningsvag,NO,70.9821,25.9704,22.68,94,9,30.15,clear sky
594,Berlevag,NO,70.8578,29.0864,16.21,93,26,23.89,scattered clouds
595,Cockburn Town,TC,21.4612,-71.1419,77.79,75,100,9.93,overcast clouds
596,Yerbogachen,RU,61.2767,108.0108,-11.9,89,100,3.74,overcast clouds
597,Tarkwa,GH,5.3064,-1.9847,82.89,74,9,4.65,clear sky
598,Tabuk,PH,17.4189,121.4443,67.75,83,61,8.68,broken clouds
599,Verkhnevilyuysk,RU,63.4453,120.3167,-17.91,87,100,6.2,overcast clouds
600,Los Llanos De Aridane,ES,28.6585,-17.9182,57.2,62,20,5.75,few clouds
601,Henties Bay,NA,-22.116,14.2845,68.61,70,45,8.1,scattered clouds
602,Gorontalo,ID,0.5412,123.0595,83.08,80,40,2.37,scattered clouds
603,Sicamous,CA,50.8331,-118.9856,33.8,86,100,3.44,light snow
604,Batemans Bay,AU,-35.7167,150.1833,73.99,66,8,6.8,clear sky
605,Yuryevets,RU,57.3201,43.1041,15.67,97,100,10.09,snow
606,Tarakan,ID,3.3,117.6333,89.6,66,20,4.61,few clouds
607,Yuxia,CN,34.0615,108.6291,34.0,25,0,6.71,clear sky
608,San Ignacio,BZ,17.1561,-89.0714,64.0,100,0,1.01,clear sky
609,Chulym,RU,55.0997,80.9572,10.06,95,100,13.76,overcast clouds
610,Yelanskiy,RU,56.8419,62.5014,-6.09,91,100,7.63,overcast clouds
611,Emmaus,US,40.5395,-75.4968,32.0,64,1,8.05,clear sky
612,Meulaboh,ID,4.1363,96.1285,81.25,85,98,8.66,overcast clouds
613,Auki,SB,-8.7676,160.7034,81.27,75,45,2.77,light rain
614,Kysyl-Syr,RU,63.8986,122.7617,-23.24,86,100,2.95,overcast clouds
615,Goulburn,AU,-34.75,149.7167,81.0,30,0,8.41,clear sky
616,Port Jervis,US,41.3751,-74.6927,28.0,78,49,9.6,scattered clouds
617,Boa Vista,BR,2.8197,-60.6733,75.2,94,75,3.44,broken clouds
618,Hinton,CA,53.4001,-117.5857,21.2,73,98,4.61,overcast clouds
619,Baracoa,CU,20.3467,-74.4958,74.21,85,100,7.7,overcast clouds
620,Afsin,TR,38.2477,36.914,45.09,58,0,1.03,clear sky
621,Tucuman,AR,-26.8241,-65.2226,69.8,94,40,2.3,scattered clouds
622,Kalemie,CD,-5.9475,29.1947,72.75,75,100,3.27,overcast clouds
623,Yambio,SS,4.5721,28.3955,90.5,26,98,5.39,overcast clouds
624,Pimenta Bueno,BR,-11.6725,-61.1936,72.73,93,90,1.45,overcast clouds
625,Hedaru,TZ,-4.5,37.9,77.29,70,99,5.23,moderate rain
626,Wagga Wagga,AU,-35.1167,147.3667,89.6,23,1,6.91,clear sky
627,Magadi,IN,12.9667,77.2333,81.0,65,40,3.44,scattered clouds
628,Amga,RU,60.8953,131.9608,-36.99,80,97,1.61,overcast clouds
629,Vryburg,ZA,-26.9566,24.7284,86.74,32,92,3.2,overcast clouds
630,Maniitsoq,GL,65.4167,-52.9,27.46,86,100,4.94,overcast clouds
631,Tual,ID,-5.6667,132.75,84.7,71,64,3.83,light rain
632,Sabha,LY,27.0377,14.4283,72.03,23,15,18.39,few clouds
633,Bambous Virieux,MU,-20.3428,57.7575,86.0,79,40,13.8,light rain
634,Atasu,KZ,48.6814,71.6433,12.16,92,47,8.03,scattered clouds
635,Mitha Tiwana,PK,32.2486,72.1108,71.65,21,0,6.02,clear sky
636,Saint-Augustin,CA,51.226,-58.6502,24.21,87,97,15.08,overcast clouds
637,Rivne,UA,50.6231,26.2274,30.2,93,75,8.95,light snow
638,Bialystok,PL,53.1333,23.15,28.0,91,93,3.11,overcast clouds
639,Xinmin,CN,41.9908,122.8253,17.6,38,0,4.47,clear sky
640,Bara,NG,10.3744,10.7288,87.44,14,98,15.82,overcast clouds
641,Homer,US,59.6425,-151.5483,39.2,65,90,10.36,snow
642,Dmytrivka,UA,45.9717,28.9864,37.4,74,100,1.68,overcast clouds
643,Ceres,US,37.5949,-120.9577,41.0,100,90,5.75,fog
644,Fukue,JP,32.6881,128.8419,37.4,87,75,4.61,broken clouds
645,Kamaishi,JP,39.2667,141.8833,23.0,68,40,5.75,scattered clouds
646,Yishui,CN,35.7847,118.6281,25.48,76,35,5.06,scattered clouds
647,Hofn,IS,64.2539,-15.2082,21.02,82,0,13.4,clear sky
648,Timaru,NZ,-44.4,171.25,61.75,67,36,5.93,scattered clouds
649,Kaduna,NG,10.5222,7.4383,81.39,16,0,11.92,clear sky
650,Altus,US,34.6381,-99.334,35.6,80,90,5.75,overcast clouds
651,Dalaba,GN,10.7,-12.25,70.57,35,0,1.25,clear sky
652,Bagdarin,RU,54.4333,113.6,-3.51,85,100,2.91,overcast clouds
653,Alamosa,US,37.4695,-105.87,12.2,92,90,8.05,overcast clouds
654,Norfolk,US,42.1668,-71.2495,30.2,51,1,6.91,clear sky
655,Lakes Entrance,AU,-37.8811,147.981,75.99,66,74,4.0,broken clouds
656,Thinadhoo,MV,0.5333,72.9333,81.99,67,36,9.19,scattered clouds
657,Oktyabrskoye,RU,43.0645,44.7417,50.0,76,40,13.42,scattered clouds
658,Yar-Sale,RU,66.8333,70.8333,-20.0,87,3,9.71,clear sky
659,Khanpur,PK,28.6453,70.6567,75.4,17,0,4.36,clear sky
660,Brekstad,NO,63.687,9.6654,33.01,93,75,17.27,light snow
661,Coihaique,CL,-45.5752,-72.0662,41.0,81,90,11.5,snow
662,Batticaloa,LK,7.7102,81.6924,80.37,82,100,10.94,moderate rain
663,Port Arthur,CN,38.8,121.2667,23.0,50,0,11.18,clear sky
664,Waingapu,ID,-9.6567,120.2641,85.53,69,83,3.96,light rain
665,Yerofey Pavlovich,RU,53.9667,121.9667,-12.73,86,35,1.63,scattered clouds
666,Pedasi,PA,7.5333,-80.0333,76.69,83,91,10.02,overcast clouds
667,Quang Ngai,VN,15.1167,108.8,65.53,90,100,6.42,light rain
668,Sri Aman,MY,1.2376,111.4621,89.6,70,40,5.75,scattered clouds
669,Kawalu,ID,-7.3817,108.2082,78.06,83,100,2.77,moderate rain
670,Bay Roberts,CA,47.5999,-53.2648,34.0,100,90,9.22,overcast clouds
671,Varna,BG,43.2167,27.9167,39.2,93,75,11.5,broken clouds
672,Haapiti,PF,-17.5667,-149.8667,78.8,69,20,3.44,light rain
673,Camacupa,AO,-12.0167,17.4833,74.75,68,100,1.07,overcast clouds
674,Grand-Santi,GF,4.25,-54.3833,70.86,97,100,1.86,overcast clouds
675,Karpathos,GR,35.507,27.2132,66.2,82,40,11.5,scattered clouds
676,Escanaba,US,45.7453,-87.0646,27.0,93,90,3.44,overcast clouds
677,Lubango,AO,-14.9172,13.4925,71.6,42,20,6.91,few clouds
678,Somerset West,ZA,-34.084,18.8211,75.0,52,20,21.85,few clouds
679,Atambua,ID,-9.1061,124.8925,79.88,83,100,1.74,light rain
680,Valle De Allende,MX,26.9333,-105.4,42.75,65,0,3.71,clear sky
681,Chau Doc,VN,10.7,105.1167,85.78,45,1,7.05,clear sky
682,Ossora,RU,59.2353,163.0719,-3.24,82,100,12.59,overcast clouds
683,Vesyegonsk,RU,58.664,37.2604,-1.62,92,100,4.9,overcast clouds
684,Carros,FR,43.7894,7.184,46.4,53,75,8.05,light rain
685,Okha,RU,53.5739,142.9478,-9.98,90,100,12.97,overcast clouds
686,Tynda,RU,55.1667,124.7167,-14.06,84,92,5.37,overcast clouds
687,Xinzhi,CN,36.4989,111.7047,28.38,58,100,11.97,overcast clouds
688,Klichka,RU,50.4457,117.996,-6.86,85,89,3.18,overcast clouds
689,Kerchevskiy,RU,59.946,56.2884,4.21,91,0,6.42,clear sky
690,Miyako,JP,39.6367,141.9525,23.34,86,15,4.03,few clouds
691,Heze,CN,35.2431,115.4411,32.56,67,100,5.48,overcast clouds
692,Bogoslovka,RU,53.2084,44.8013,32.0,91,97,12.41,overcast clouds
693,Seymchan,RU,62.8833,152.4333,-27.92,84,100,0.83,overcast clouds
694,Mujiayingzi,CN,42.1167,118.7833,3.63,86,30,6.78,scattered clouds
695,Batagay-Alyta,RU,67.8006,130.4114,-26.39,84,100,1.12,overcast clouds
696,Conceicao Da Barra,BR,-18.5933,-39.7322,77.11,83,75,7.52,broken clouds
697,Samarai,PG,-10.6167,150.6667,84.49,77,100,10.18,overcast clouds
698,Algiers,DZ,36.7525,3.042,48.2,100,20,3.44,few clouds
699,Honolulu,US,21.3069,-157.8583,73.4,73,40,9.22,scattered clouds
700,Salaga,GH,8.5508,-0.5188,87.06,53,1,5.66,clear sky
701,Lancaster,US,40.2504,-76.2499,33.01,51,1,5.75,clear sky
702,Koslan,RU,63.4564,48.8989,0.0,92,73,8.43,broken clouds
703,Karoi,ZW,-16.8099,29.6925,73.27,83,99,5.59,moderate rain
704,Vauvert,FR,43.7,4.2833,37.4,60,0,11.5,clear sky
705,Charters Towers,AU,-20.1,146.2667,77.4,78,99,17.25,overcast clouds
706,Nangavalli,IN,11.75,77.8833,83.62,60,61,1.83,broken clouds
707,Cap-Haitien,HT,19.7578,-72.2042,77.05,78,100,5.19,light rain
708,Kloulklubed,PW,7.0419,134.2556,78.8,94,75,4.61,broken clouds
709,Pachino,IT,36.7186,15.0907,64.4,63,20,2.3,few clouds
710,Lavagna,IT,44.3079,9.3422,41.0,65,100,8.21,light rain
711,Jaen,ES,38.0,-3.5,34.57,96,100,3.78,overcast clouds
712,Peking,CN,39.9075,116.3972,33.8,18,0,11.18,clear sky
713,Machiques,VE,10.0644,-72.545,74.62,78,82,5.61,light rain
714,Portland,US,45.5234,-122.6762,43.0,75,90,18.41,overcast clouds
715,Ust-Barguzin,RU,53.45,108.9833,14.02,90,100,7.74,overcast clouds
716,Muisne,EC,0.6,-80.0333,75.18,89,77,6.89,moderate rain
717,Sinnamary,GF,5.3833,-52.95,77.72,85,85,13.85,overcast clouds
718,Skjervoy,NO,70.0311,20.9714,23.05,90,1,19.98,clear sky
719,Porto Velho,BR,-8.7619,-63.9039,73.4,94,75,1.14,fog
720,San Martin,AR,-33.081,-68.4681,71.6,60,0,2.3,clear sky
721,George Town,MY,5.4112,100.3354,87.8,58,40,10.36,scattered clouds
722,Shirvan,AZ,39.9509,48.8994,54.97,39,0,9.93,clear sky
723,Dawei,MM,14.0833,98.2,85.59,45,73,5.93,broken clouds
724,Macapa,BR,0.0389,-51.0664,77.0,100,75,2.3,broken clouds
725,Rafai,CF,4.95,23.9167,93.76,19,43,3.4,scattered clouds
726,Gloversville,US,43.0528,-74.3438,15.8,86,1,6.91,clear sky
727,Aykhal,RU,66.0,111.5,-31.56,82,100,6.64,overcast clouds
